address,maya,signature,time,amount
0x69539C1c678dFd26E626f109149b7cEBDd5E4768,maya1kfpxqd5ez7fv2x8hj2vgug4947gjrnnr2gx5fm,0x971a0c97282dd156f3e04439c24cc8d2ae1e291891a511a153b2c5a5eec787b205dd7f09b6df8b663ed1cb6fa0e634461ebaa52b9d86277c5af7919b91a46e281c,2023-12-13T05:12:43.562316Z,10000000000000000000
0x5Cd6090826Fc1504B13E2a21e7Bf9df8e3c62337,maya1v864e9nqzpcmjyjsvggt7glcpkye5nsnp9wzvu,0x85187a35fd7805f21fdf1ea22da060a74c1a17ffd8f9a52354c1131d20341c8d7d8a87338bd5af95a2b7e7504e0c2622c8f7bc136e6ac32fda2711ccee9101a91c,2023-12-13T14:48:43.226379Z,198000000000000000000
0x0CeB9dDC3aab8abFBEfc828AF9E219703362F3F0,maya13su7x39jun8mmup83c53lv5dqj58mg0nu24efp,0xf3c4ae3dd3484520b49ce2e00d615e88b14b6baa14c1e524b4490435e1eeb8a8109081559cc84726edf134d38dd76b64252d2a5693db74025063a0e6ebfdf3041b,2023-12-16T15:36:36.69475Z,28207291150000000000000
0x23BDBC95cBC119d155446672b3EA99C98634BB9B,maya10yljvtxnd20t47hgjz3tcm3huu77j69ttmle8v,0xf0cb4b58fc7586668b70dd494c645533a1a49b5847bab19302fe2e42ea4cd3c2712ebc92cf4c431d2bd4be34a72bf9f42a6e59cfd64ce5df4fc62ec9205864e61c,2023-12-16T15:37:52.832651Z,7700000000000000000000
0x66B15B5a88a44007DDb3Eb96622e71d696593FB9,maya1gge8396n5jdv7q22wrvr4myrhph0q22h2ald75,0xa4435e965a182133631dd05b418890490fdb85af0d272b4099806fb18fb7de515252fb2a33fb1c7c9ac7d41d914d25c9e68f12a832da83b9dd691561577a1fa91b,2023-12-16T15:38:02.095054Z,7500000000000000000000
0x1Db7B73Bfa0361479158110CAece0aB5E621Ff37,maya1uks30522ddmvmqceewchsq9na7887ql0vafrl2,0xc7c303f60c388eae3a4634643ed1ac9042a12b159b8fce088b293e85e7842d62703862ff9cf9a378566861e509588f1f1bc6eab3b19d2dc49622573dc1debf641b,2023-12-16T15:39:36.243306Z,9900000000000000000000
0x7817E0F3877b86371F80746fE2Ef186dF1807e4c,maya13g73vgxgtqexktswhvfaeruce4mp4xumq3wd4n,0xbc5e30805fae6e3b8243aff371f0d6ce688ac062048d6731f2ec9df9fd6b5b5f5430b40c32c3e0f895f44270a08d5603a25567bd6ddd1c2890a524f1c17125fb1c,2023-12-16T15:40:55.005041Z,50340200000000000000000
0xA2B147a0B5f1e9E4F0B9554E37662A30e490D8b4,maya1zxy8ptu5m0l7s9wcs6sje8tsfny436wgw6crkr,0x2b427e7f6cfedc206020462a334f362e4a1cabaaf70c773fdea38cb53df4e2266bbc8ffaebe206fe2197f518d6b5b467b1fa1c59bbac9db4f150ae6ff59053351c,2023-12-16T16:36:42.760169Z,5020000000000000000000
0xA2B147a0B5f1e9E4F0B9554E37662A30e490D8b4,maya1zxy8ptu5m0l7s9wcs6sje8tsfny436wgw6crkr,0x2b427e7f6cfedc206020462a334f362e4a1cabaaf70c773fdea38cb53df4e2266bbc8ffaebe206fe2197f518d6b5b467b1fa1c59bbac9db4f150ae6ff59053351c,2023-12-16T16:36:52.666047Z,5020000000000000000000
0x9c94ce29e39bA8F2B309aF54E80bbF66d5269584,maya13ezw5wf6g3rltnz6qy6w9ur9xe0ypff7h3844m,0x7096f258365bc5d8cd6171532e3799556174bc2e1af0b6131ae6e9dd2520d3be596822f0a4afa1e89359b0bb3ec4d263f4d90f885afd44c5e0d7822b32021f7a1b,2023-12-16T16:39:49.316216Z,100710000000000000000000
0xDFEb95C6E4C51DcE6F81FaE7cb087DC4e1f46D66,maya1ukk360c920h2rutn53v4waxan0qs7w2pp62252,0x50bf5fce93af64e9be504ee492c937b82d009b44ce800af52db20266a5d88802076ed53ffe35086741816106ccf3945620ffa413b3a1a1cea1d7418383316f941c,2023-12-16T16:49:36.383898Z,25000000000000000000000
0xead63480CE6FeBEFEE29cd1D065Bea18ca3E155b,maya187atpn8wgf45vah47hawkfhcrwyf4r7c8ersxs,0xef3ac8a36a449294627ecec76ae94df6e45c9c80c19c2e9009dec72aaa99d7803a8bbbbe9e33c7dc56fa3f283022399beb54990c6272fb94f0cb3c91ca1707fb1b,2023-12-16T17:11:12.754717Z,100000000000000000000000
0x830fB488E3Da47f2b12feeDE6AF5D00F1Eaa136A,maya1t2flnhapxt3xz7ppj9ghs0tsdnfhn6vkt8sylz,0x2999cee63ea1bdcf8cd34bb2786b566e68fa1ef8f86a724bb7c93ee251d29e8661d9db8ed7c79711bae9faae8b2cb9c6e4986adc6ac0347d34eadc7c668354f21c,2023-12-16T17:27:24.343599Z,25196339560000000000000
0x58ff99f167F5d0Cb1eB43FA6eeb344773F67bc06,maya19kuxhqy870ysu5ej65rw4ezu8cejjj6p8s4dtn,0xd815b74eab2393c247c6e623de8f4da934e670b0568e57fefc1fc10ed202a9af225ef9fbbe2e98d8957337e9cdbc370b8a90fb657d90731bd78078d91ab4722a1b,2023-12-16T17:29:19.611743Z,25000000000000000000000
0xd7eC49dc71116Dd5E23F332aF6243cFCDb2928F9,maya1lexgxvrad8z9gjf2xkm50d0f3spdhtk72us8u8,0x6626d908394cfd8d3dfe386be4367c79aa5727ffb1b94268d1c43203222a19a8294c00ad86374d4a8bbcb57dcb803ec60dbae8c81ce72acf437600bed13134061b,2023-12-16T17:47:34.659884Z,7941197880000000000000
0xd35ADd2Fda3175dbA34bBffEdC69230029737056,maya1j9hg086cp4kc79jhauqkqnmp6j6u402zsax94c,0x673de68c9f543577f02f1675aef2ad8ce1444bb966021ca3c99fc2c2d6f110ba3a38d7f937e61cdaf20a3a2c1aaec1c97030ea12a0ef10b7e4ba229b756101a61b,2023-12-16T18:10:38.588967Z,16349662030000000000000
0x6Ca16136e68f7Eb7e3bd42D38bBE0A4Dcc8f81f7,maya1774c845u9434nc3jny5gp7ahsttwq5kjrd682u,0x98fb7856bf1c75c5053655aa818dc82c07e086f71ff49d8326ef9d2a56f95b402acde83dd7a7398b910c7e73814645ad61ecca7e19dc0ddf2eea9209510d28811c,2023-12-16T18:36:51.964984Z,7938000000000000000000
0xc9Dcd4f8693695436D27118e277Ba2F596C83f1d,maya1k3hqad226umuk2sh7l00zdhqweplcxq0zrlr4q,0xb22e9878c8e3a4e853c4281925ef3f9c1471fbeb55902e3125e08f8c280dba3b43205e4863c5850855ad9bc44cb7cb2f53eef35ed5caf7aa442460e0b66896f51b,2023-12-16T18:37:29.845569Z,25667399560000000000000
0x3FC61291D16D173725beB3Eb9A51A1E724533705,maya1muupgx9xtszjnjry5l7j72f7umqpv62yhdzp3c,0xf06c043ff413ea9a409f2c3fe55997d3d96e9a7d4a57e85baa2829ba5e249e943f2a302a58155d4a09a3e8d901ecb6065c1619d4dc5b57e30ad3e8b54cfafea81b,2023-12-16T18:48:51.552762Z,7694000000000000000000
0xb215D2D706B5f0907D129d4AC0Cb1867A39214C4,maya1v4akswkptcwgcneggumrwzkc8rlz5dtsvfj5f6,0xd59e1d5ac8244df70e40919473d6b5dd3731f418d70732bbe98395978575b44325a21b69fbb365c162a5aa9fa4a44915f7302fe87caf90194e182cd6b465eae41b,2023-12-16T18:51:49.836081Z,25001761875000000000000
0xA2dCB52F5cF34a84A2eBFb7D937f7051ae4C697B,maya1ktr3g3y8tp2c8u7f64nj0xdnjjr3stlheg77zy,0x9b44980fcf6997435d646d7afcd721bac1c309f34a991915b5396a176866e54252c77a540bc9c37a608bc28226e98bd91bef14cc258c221e092744e6e166499a1c,2023-12-16T20:42:16.065948Z,223985000000000000000000
0x3D30C4002B0F5c54E9067F08700207868bE88aa9,maya1ktr3g3y8tp2c8u7f64nj0xdnjjr3stlheg77zy,0x171a81e5815da03bfed64b9943a9b3dba6c5819b9d837690441acd5a51e8df5b794e87afe69ecab922b9e3ec9e85c2c63b5f44213755d338f2ecb9d515828fb71c,2023-12-16T20:43:50.833778Z,100000000000000000000000
0xC7fbE26e4B6869b095a012b3e2e77e65dEa65995,maya1ktr3g3y8tp2c8u7f64nj0xdnjjr3stlheg77zy,0xae412cc2c92cf1a2e1d96189c3299d3111d72a2ba09cbbbb1fbf7c7fe0b79609038154ef2d5cd0527e069fd7bb7c2595fa082dabf4e0fd214d41b421a61eff441c,2023-12-16T20:44:11.179753Z,100000000000000000000000
0x6Ce32442fbaEB4828bfa3Ed2036C917A542c716a,maya1ktr3g3y8tp2c8u7f64nj0xdnjjr3stlheg77zy,0x4ae4eb3eea4597ae1ef67aeff80f08fef3e69bb52d2f2d7d4820e133e0910ced023bd16910f2950623d59f2b35218e74eee466f5cc3087a667926e363650735c1b,2023-12-16T20:44:26.508655Z,100000000000000000000000
0x6466cA677A6089AcF1292a7847e9bf48d21b1ec8,maya109x4hkd8arerzfk3s3x9tq3tdress343n5smw0,0xd89acdec4aa8076dc3a71e85673dc340959c1b36444840c899a8e85eda5c3f682cf610321c72554535f9c0969712ab0bc5e866694a7b0e7884830d594c7009291c,2023-12-16T21:05:26.232963Z,¤
0x5eBCcA6962447A4E8D8A6e51239fc98d008f0946,maya1hvchsh5fxg94p7u5skknnw8m8l5vg8cywyp9jl,0x261fe50bad1cd6d5b1bc9ec1ca266a777fa60105165fdff950021010ea8897f5571ec737009b0fa31210da27a8b46c1b5ded924c3a90c9db5816b9eb7a6ef4ff1b,2023-12-16T21:15:13.537946Z,7732098130000000000000
0x4F5695d12c30eae448c5f38023B12572e483453c,maya1zkmm40h4vpn7lvu7n3h0syrlcd7er73a6r98ta,0xb54c334a370c8e2c165a0dc7d3729a8b0b90045df02bafb3741b79ddd145cef86fe0eefe26b592d645b387db91311a7e635c89a39ee25fa01d81a9fe6fbc90c81c,2023-12-16T21:40:43.805791Z,5593000000000000000000
0x3960f65202b43e6D4CA9E1e6C2DFE3217b5f09d6,maya1qfg0eaf834l2ry647sq532ujuqepdgh63jltvp,0x048faaced69cbd6fe1cdeb9974776923f0e8d9b2a1ee3970924fb418cd7b3b8c2641d3e1c765dfd1e817a07f7c5e7acff7ca5da18a9a3db6b57f6add25ee1af81b,2023-12-16T22:28:39.634183Z,50017000000000000000000
0x4D9e0971A6e7aA1f43324187BAc3bB0715e2FdB3,maya1xuy6m7hen6w0t4urp86z8jzgvpk9xc3s9p352u,0x4433b2daa9f3239c2c46062267dfccd278e2548f4a69642163aa9475f86128a6081873fa327285519dbe8c0f7c3d9d59dfd2dffe0b4241d382433b9e8a6db8fd1b,2023-12-16T23:41:09.242416Z,100210000000000000000000
0x143221F535a1C061C501860f459Dbe984f37aF29,maya1tecpk5zmd225ec4ma56q20j0xejd7ay7xv43y0,0x1bfad8ccb7aebbe9679c232e87364ffc18e90d92964b1ed0725c6d05928b367827ec313ce2b788b9236553134621a0dea321ad2aa0ae9862c9f3abd1eecdd5811b,2023-12-17T02:33:08.693841Z,¤
0x143221F535a1C061C501860f459Dbe984f37aF29,maya1tecpk5zmd225ec4ma56q20j0xejd7ay7xv43y0,0x1bfad8ccb7aebbe9679c232e87364ffc18e90d92964b1ed0725c6d05928b367827ec313ce2b788b9236553134621a0dea321ad2aa0ae9862c9f3abd1eecdd5811b,2023-12-17T02:33:32.022823Z,¤
0xf8939045F2a58Bff4Fe20b3fc18F890A87Ab7F03,maya1mcwpmt0zkau8dxahln67680ev5yjq7wkjyl972,0x9e62c5f7cc8631f065ae63e757d5b3e600c7bbf07ca3648f0989565999dac5b449ac03138304b2c365ed767d480300d5978006d3f091a57c1923094682fd89881c,2023-12-17T02:51:10.524138Z,7499250000000000000000
0x1bD9c1A8F90f67FB1856F713AE4002b02875b7Df,maya18zq3grafsxcj8458jhmuzwg0tz8mgjw6gj747c,0x4229f504911a856a2a8abb6e79277d59c21ece8beb2ad9d57773d18384a9129d33bbcfe42703b82de075f48f6da3fd2328a23c2c7ecc2fab2298d49e761f92331b,2023-12-17T07:19:28.259048Z,7835190000000000000000
0x0B1A89664970EbEb16d6a1a039017049EEa45a20,maya1vat6zckgwp9dc4zm86nnqmskma3ylprrnsmg48,0x2dc25fb2efc93d313c18d2e214e61294c7a2f0cffbe038d965c76b260710d5915236befef33be36601679f88f9fefa5bcc1771a700075cef2d273b4febf75ff81c,2023-12-17T09:08:40.543773Z,¤
0x0C0A00DCDd98Bd261920eef123FBBf41Aa4BC1b3,maya1vat6zckgwp9dc4zm86nnqmskma3ylprrnsmg48,0x00751a49629ce6dc1d62818de856395fc24d46133e6251094d3e78854a18cfd9151050fc1944f5001058ca846ead3a4b25e920294da4d3e36f9b961b673dc26a1c,2023-12-17T09:11:26.08903Z,¤
0x25c67aDff15f251b77abBA6590cC84Da226FD014,maya1qyv5x8n3vc53kfs7t0rgp32dwyt25stkemp79a,0x38f288fced8ac457857d8f9e37d39af1b061b5892bfa82b7ec0329b0c3f57afc10feaf50bbe098c3972ad3a4e13acbce3fb5b978e165bd38b7d827368b505b0d1b,2023-12-17T09:21:57.999759Z,25026000000000000000000
0x3c0499EC16cBFA833d91395A4f8d623fCc50309C,maya133we7rcjs2rz0kfhgap5cx6plnfdund9xp52ex,0xe48eea731d1ed72aa57236bee96abc2f15539f0d3871249c2e3b5031c17b64d25f8f3f01a9c8acb676571c0663eaeabf19c0cbc87c7c41ab6bd2a896740fe8ca1c,2023-12-17T10:57:35.877475Z,27013289031011000000000
0x4E7D3627e08E8840C78CBae07246e67295193fd0,maya1j3wktk8jsraa840ldcfne46rshxhz0s8wtavr9,0xcb30e2d9ee8ee37f9ae5525f188582c17df9fad4c68cb0494f4df82eb45ec4cb6b23445c2d37ae93182833988c1e27d909caf759a32fa700627481ce79d04e7c1b,2023-12-17T12:33:58.033295Z,37266000000000000000000
0x38813ce19da3FC3eadc6D51549488a922E518479,maya18f8w2nxa3sgnwlva2aleqktndvay2ye8cmzgh9,0x872bb9da7eeedaeead54504aa72b8be0c46b2bc2897e99e4837c831ccc8999264aa8c477e420d469c67739f7ded9b70d883d031e994c668ddeb07452613774db1b,2023-12-17T14:50:28.083435Z,7510000000000000000000
0xA5932111405bBdC55601F37b1f561df048408A8F,maya1wswwgc537kem6hsq43qxswmrw9fhfufyh7svrr,0x3fc26adf52159d20acf547cdd02ce0bec76826e51cfa007de5977ebbea3467a354e19c3dbddf7f9583a3b83cba25fac6e7340959a0864a33594f5c7b7b2b327f1c,2023-12-17T16:02:40.181705Z,2500000000000000000000
0xA5932111405bBdC55601F37b1f561df048408A8F,maya1wswwgc537kem6hsq43qxswmrw9fhfufyh7svrr,0x3fc26adf52159d20acf547cdd02ce0bec76826e51cfa007de5977ebbea3467a354e19c3dbddf7f9583a3b83cba25fac6e7340959a0864a33594f5c7b7b2b327f1c,2023-12-17T16:02:57.114764Z,2500000000000000000000
0xe2F964607026926537a2e7B71C7Ba149f2A0D2a1,maya1utds0juqp3z3wu8dsr5kqdpl9vszltwlu03waf,0x8b1346c05911336e7bb7e0414387236847f8853f80ac0650dfbc48be57d9965570b176807fa9f1cb8a9004f9196c1eb2748b68777f1be250e9c8fc9bfdbaa6651c,2023-12-17T18:30:58.77523Z,26164000000000000000000
0x20AfBF05888CecbB547AFb4eC25056444C59F9aD,maya1qefcjpeggljsxk95ul8k78lymhasxayaus7fme,0x5848529ccf7a46b8c4f8a30aaf92b2c0b942fd6a4e497b7e8180a693dd0d9f4556532a08bcdf06d2cd74b02cc2da92d70000d4150e72a543a1beb559a8f0d4461b,2023-12-17T19:24:54.994058Z,25571000000000000000000
0x4f834dcC564E49d7BAf31f2cdEcBe13a0457E255,maya1cz882chmgpudrelfrtgxyrpr4xmg85ucy9tsd6,0x35294dbe4a661c4847afa9b3610f86347b353a5fc5f7e9ab46d78ffe28674c12399b737f522f2f4a009ede613d7c9382c80064223ec46a3835207f5ae63e48031c,2023-12-17T20:17:42.594777Z,101505000000000000000000
0x423bAf48E0AFB0223721B6b17Ff8DA09a153b3ac,maya19ftx9reehudt6cam5pptupdjq29prqsuesrc9r,0x9f82eff21577d820282d383b805fa8597fe8ec5c656732e6f301602f6ea1e9df5ae2e890e94be82d7aa3fd67a5c2326feeff4067fc5dfdb50222d28fa8feccfc1c,2023-12-18T10:02:02.581835Z,25808000000000000000000
0x7DaED4E16139aB88E3DF506e1bE2C886627343b5,maya19useesmgkyruwh7up2weug8nsa4mcgj5kuqy8q,0x64f700e48fc9e83a0928fcb3af520c019f7153faf4795b954bce57842a3f1e4268e874dffb1058f165e2b64249078f83aa757eaa37637657f6df041e511dd93c1b,2023-12-18T13:31:58.3058Z,100182000000000000000000
0xa07a7ac2966e3B6D9C255ebD5c61ec6Fc4a076dF,maya1xqcsqpc3x55gvc0jlrqsy0wu6j8x2mvc95pel2,0xd596f0f0db991842f28fa7cb8524b3d5a752dd2098160ef17c2d10551c1b412873545fd11fe6b3aec70c077ea7e55f798ae61fbf22f4efa5dcef2c313532f4021c,2023-12-18T13:39:19.153354Z,¤
0x72910e02C1A8dFb69EAB4fc72BaaF5CE422711A1,maya1u6q9rxuh4rzkf7gwk0pal63kpscut29vnl20ql,0x6d5919275574cb5a0b46e2fe617a4d092dbd54f4f0d9c0d108a7fe65219a49563f9e51b7026d9568768cbbafedfbb415f98fb06b1b15a55368065c07b72693c81b,2023-12-18T13:39:46.027619Z,100010000000000000000000
0x221698DB85dAE3E38fdFf8E39bc0b0C66e611121,maya18pmnucys88cazeh6qptd8j95pzj4r6q60s258u,0xffae49d70a72878592dc653102cd953becbe9b07fe87c19acc3d644f0489db1b48d268473ec143d04126f3c434f289351c5d6be19ac69170ed46b428efba57d51c,2023-12-18T14:13:14.796194Z,8064333880000000000000
0x46989D025a5472Fc8B1b834Ea0bCBc50d53Afddc,maya1hrzjqy040ncd34vgfpp5d302ylaqqdmd0whh7s,0xe3f27584366cba64447a589ff1062436b58d35be8805e00d56677bee60d78ad45774b3b953cc29eb8d7cedb2745da0e07d18bf007ca2105369b08f1c43d614611b,2023-12-18T15:28:10.960857Z,100730000000000000000000
0x23bC5F430bF6BFC30d801Acf3c79befEB26B8E43,maya1hrzjqy040ncd34vgfpp5d302ylaqqdmd0whh7s,0x76cc861d824d862a6c16b0f38029e5222315f9391aaae891474bfcf02c0c714e4ef0c96f604c78ba30a3c35366fa2c2a4e825a2a06887caa95668d3cdc01a5c11b,2023-12-18T15:28:36.23531Z,100000000000000000000000
0xa8105bb5ACb12272f5149eeaA971Cb05D313099c,maya1hrzjqy040ncd34vgfpp5d302ylaqqdmd0whh7s,0xb8901943a8d6d03f8fb6369098fbe290b304b63e7f61decb57251fd135eba5b6014603d9b99e6c8744b96687ef002be580ca9456b0a308cfbdf7bd1d8ee0cc911b,2023-12-18T15:28:59.568881Z,68844520000000000000000
0xABc8285C3e100bDA05acfe85fe5A4c922B74d3FD,maya13vdc6yv4gl5matrxfd60y4vujzv2uruqzx75xm,0x9938472abc9cdd98739aca9b72ef448f482a78dc8c2ad29990cfe0ac43f417025c683877f6b56242f1c3addd2128fc4553b00783fd91077709a9c6acb54625a41b,2023-12-18T17:38:04.390359Z,25137000000000000000000
0xA1eAfF8B384584cb90849dcE0c1697173aFc4760,maya10u76uputrjtmcwv5jclv7053egd7360putzaam,0x45d8f75656bab08cbef9187051b39a96d3e519f3af91d341804de1e5f375022a1638fe0c68130f87cd2a3abc7c03acdd0ab82036b27a84aff3fa6155c4084b991b,2023-12-18T19:30:23.900748Z,¤
0x974A4e342153597202F43e6Eed2a9fbdFFA764b6,maya1f6dapwtsw7jcflmjrvrt5ntu9mz7q2hfyks84g,0x863c3f4719eceab9b52027053d735fe849ec996590c725da9676b3afa95a30ef6257121d84456c76467edcef4a064bd9b7914c4f05a715609a05a1dc09f0d68a1c,2023-12-18T22:32:15.511001Z,10000000000000000000000
0x3C045d92B7c3bb83E2018e2e296F6A0BC0E2eB07,maya1rlp8vj5hdtp35tv55g0s38pez80mxt365nf9dp,0x1c0ddd4ef94178cde2b58b49d08e9b114abff4a264bf4a439c69710c1e226ff439a16bc6176daa87cb55e04e768c7d025ce8ec4e914179e14664cfb9d98eb1fc1c,2023-12-19T06:43:02.848238Z,¤
0x8Af7B17787b38afF12e632fD7800f979fd75218A,maya1sxr8dqx6q4k4ke5pk6fp7agr839h7xdgssner7,0x5d854589780944e682b433fc071cfda9353c04feea4db1cd4b9e28e73b6249f264ecb4e5b47fbfc31d720bc09bfb0e50496f53f33f290cdf318429b79acc02d51c,2023-12-19T06:58:07.009315Z,25435966860000000000000
0x8Af7B17787b38afF12e632fD7800f979fd75218A,maya1sxr8dqx6q4k4ke5pk6fp7agr839h7xdgssner7,0x5d854589780944e682b433fc071cfda9353c04feea4db1cd4b9e28e73b6249f264ecb4e5b47fbfc31d720bc09bfb0e50496f53f33f290cdf318429b79acc02d51c,2023-12-19T06:58:23.721529Z,25435966860000000000000
0xdE32C7ABA0169F81f74A6728A061ec1Ec153A894,maya1e9cjl7wyycgq4r9jrhe65cmu5e34zkf43r6xgp,0x5d236645158c5485e59add6abac329fbd7daa591b9f3d5fbb4f84064c7d40d215d2093e2a7a051102210ad463fd6335cf754fb459b13e5cfd9172498a5ee86061c,2023-12-19T07:37:31.245647Z,7500000000000000000000
0x9Ed70Af51cD8B891244800aC214823bd08a1D558,maya126s4zfq2sn96s8wx9qzm3km5qqmy6yvcltvr5y,0x837218afd6dfb26fb0d3d94d1267af4345f11f31165236a66d04f31dd072ef4748192f36fd60b01a3027b44b5112a51c8f3b2503b1869e56415cf67165ed797a1c,2023-12-19T10:23:50.907497Z,60000000000000000000000
0x9Ed70Af51cD8B891244800aC214823bd08a1D558,maya126s4zfq2sn96s8wx9qzm3km5qqmy6yvcltvr5y,0x837218afd6dfb26fb0d3d94d1267af4345f11f31165236a66d04f31dd072ef4748192f36fd60b01a3027b44b5112a51c8f3b2503b1869e56415cf67165ed797a1c,2023-12-19T10:24:02.959699Z,60000000000000000000000
0x8C21143e60363683e28247b71Dd017Fa30c193Bb,maya13kheffdet6kacdl8t3jvvkwcn5d2g7ry6cf8gj,0xada2292e072aebc8538e8b060c8f013fa313f8e8349f8c451824e881da01395f143e276eb9f930f1ec85de412116d6bc3e2bbfa62cb01f56094cbd3a1ac9a6641b,2023-12-19T14:37:21.494934Z,25000000000000000000000
0x8C21143e60363683e28247b71Dd017Fa30c193Bb,maya13kheffdet6kacdl8t3jvvkwcn5d2g7ry6cf8gj,0xada2292e072aebc8538e8b060c8f013fa313f8e8349f8c451824e881da01395f143e276eb9f930f1ec85de412116d6bc3e2bbfa62cb01f56094cbd3a1ac9a6641b,2023-12-19T14:37:34.552811Z,25000000000000000000000
0xa305FD98b7C6BA609EB875B781f19B9BC69E45Cf,maya1q68s8d2vuff7ph5u3mss64hupk5xmgal93x3uq,0xe05e044b799f65bd414e394c90011f26933a6b00de2dbe958447c2cc2e489e5c6cdd31be7f95d36645176732bd6baf7c17826c6ff07b1f3bc0ea1d6e3eb314821b,2023-12-19T15:08:13.486397Z,7500000000000000000000
0xeBb13275a94aa57DA9c2A1AbeBA81f062302A399,maya1duqv3wjccuthpqz8jafc4mjacrhwqzvxuftlz2,0xd90159ed6a68d90e5b4c83d1bcbd2244468a05a1f4706e35c77a80926d2b309d5d008f14c8c745e55ba2d05bbaee148fb34eb29e14c31c78c079eb4da45920f11c,2023-12-19T15:16:00.010514Z,2500000000000000000000
0x010293f3B4de5984bA857aF9F9373015eB98cD13,maya1n38hxceec5kppjzk5h8c9ccw3g25k87ledlgd8,0xdb0bee22625e9168503d6718c4706da27d80717c9591393d5189e3e3b1e10ad20b95832f0af7e446e37fa8c93f62c930b9bde58aee6ec797cb6db934dad53f871c,2023-12-19T16:54:08.334426Z,4300000000000000000000
0xbB70A5A194C3346Be51F3fA1853605042e091769,maya18anly02yrj00n2p2xu44t30el33candathl4av,0x10fb1ce00657aac2b3de609ea148de99cf67896469e12daebd53aef8223b3ab40c1b73bfe66d1f4709ab1fd4c3943af8ae72ad6ec12420f4c5a6120c5fcea4131b,2023-12-20T18:25:39.919003Z,727652000000000000000000
0x648c9ef315eFffDD89B057f963547DdBCD499166,maya1fert275f6afn8hnjypzhq75f9vrwfy3uej2492,0xe7e9ba0c831219a2fd06a43805675b57df65fc5f57aab6e5b526aa550b5ebdb53c53de754df50fa4ccd44afdcf52ce76eeeb4ec0eabe116f97cfc724c9d9c10c1b,2023-12-20T20:16:09.396301Z,154229000000000000000000
0xc2bFc351faA676ad7bd97855F2Df67ac0cDaaf06,maya1c548ptgm55ck5k3aa6gts7k605qe7eky2d5rs7,0xc025dab5a29874bb04c3d3fbdab0e3bdeffa1c949470f60dbe958b43683913e37d8aa965f4f06da2054464d1874de2c78cd6ce608880c90c388626bb98b8d6231b,2023-12-20T20:24:08.715933Z,¤
0x012899Ce18Df39092C4A3F7352670772cDB6B709,maya1nwdtj9vu6fls24l646ng2ucwtj04neh3qs2vcd,0x02deabd5a169d30733fbe74f17aae225195d47e9e798d7e22677fbf61d6c601f42b054a8c8774cca75b8e0eb2d24b05f198e0f08e884feb8eb6924af16b48f921b,2023-12-20T21:33:13.652041Z,7550000000000000000000
0x6EB1C39B3FaB5e056B7E9ad0287De8e209fe0536,maya1d480jcct6xu8yv2krpqvmkr4hl8qx2hhpslv5z,0x047e1c79e3789ab882881638eee3096c05b9fe50c781c7675ca12f3276568f96089eb28b804e3458125e4b926ba42e8c93b2d3226f4b9f1fd08907f55fd9b6261b,2023-12-22T02:08:02.792446Z,¤
0x6EB1C39B3FaB5e056B7E9ad0287De8e209fe0536,maya1d480jcct6xu8yv2krpqvmkr4hl8qx2hhpslv5z,0x047e1c79e3789ab882881638eee3096c05b9fe50c781c7675ca12f3276568f96089eb28b804e3458125e4b926ba42e8c93b2d3226f4b9f1fd08907f55fd9b6261b,2023-12-22T02:08:28.954269Z,¤
0xF0c3A29aDCaA7A7286E22b532bCA372d2616E45d,maya1d480jcct6xu8yv2krpqvmkr4hl8qx2hhpslv5z,0x8384851fc88448fda5c30fe324e15b52cdf71b194e6f9dd2812c5b801331a8a4587d24af85a2f6d18eac8ed8789833baef447c15074050e013001ae565f080631c,2023-12-22T02:09:34.098492Z,23805000000000000000000
0x64Fa6Fd657E2584250c67cdcF77190f3f80c043C,maya1nplz4ehdtc29znr2xhtvtc7ulscm2wenmy2hft,0x38cd69d67cd605a6926843b93d64796c89afd4d2b01ae848e373a79b04db0d0f23c8f51ffab9441416c7e5afb55f19a110d2e91bac6124dbc963788d3c978e5c1c,2023-12-22T08:01:26.335505Z,7500000000000000000000
0x3E1a253565B119ea145459B54Af31d75a8cC4D84,maya1c34gv58j26pft7w2lt26d99wcunsccygmrvjvk,0x122c0ee1cfb5c603684a7905f07c74893f789fecb39e66e4ceda2fb92ac8cb9f020b1e0b096a2b96f71beedfce7d04d64a7da9449a04551ff4d11a6deaf890361b,2023-12-22T10:56:27.568633Z,50000000000000000000000
0x0ccAe21907d94b511049fBf512B84E091F30ca47,maya1et3ww805f7lgc9qhx7k566mwcxjptf25smz67a,0x016fb99ce24ec3e598b9f99196c7b187e51825c585e858ff3848991c1bfc6a7b1281bdbbc37312f8fd0497199da9ee7e0f84aaa2abc3ed5af57e29e40365e6001b,2023-12-22T16:36:26.4106Z,59859568760000000000000
0xefB642666844F0DA989ec6AAa5A723bf9382C30A,maya1akuvu8xxtv8m6e4gk8hdyzemvvcf7vc33zacrz,0x2f3f2dce4ba0ddffb5d0d718322b6672b68e6ff3186f35c6891958e3edcba7907f2343bc02fa6377865a39073e455aa0f6d3dc009a4253c4bfcb5c9b5c960ee91c,2023-12-22T20:26:22.285602Z,15552000000000000000000
0xefB642666844F0DA989ec6AAa5A723bf9382C30A,maya1akuvu8xxtv8m6e4gk8hdyzemvvcf7vc33zacrz,0x2f3f2dce4ba0ddffb5d0d718322b6672b68e6ff3186f35c6891958e3edcba7907f2343bc02fa6377865a39073e455aa0f6d3dc009a4253c4bfcb5c9b5c960ee91c,2023-12-22T20:28:33.585661Z,15552000000000000000000
0xefB642666844F0DA989ec6AAa5A723bf9382C30A,maya1akuvu8xxtv8m6e4gk8hdyzemvvcf7vc33zacrz,0x2f3f2dce4ba0ddffb5d0d718322b6672b68e6ff3186f35c6891958e3edcba7907f2343bc02fa6377865a39073e455aa0f6d3dc009a4253c4bfcb5c9b5c960ee91c,2023-12-22T20:30:18.589352Z,15552000000000000000000
0x97A0E5872B47f31321fcaed57D293058bfA9C338,maya1v963l3nl8maf33rqftzcrhekmylrz370qxp6mz,0xee73cf8ee3378aa299f6c7cb6045fc2f7b8a1a6691f7c7d5b87ec358b6b6277f71c69c332dcf5af6da61388bf6719613675552681b0e38953ed4ff0761432d711c,2023-12-23T01:24:51.634898Z,136549000000000000000000
0x5a4171aF67186Ae8e641d92b82fe33852d52D68A,maya1wkgv3glfnwepez8xwvcmw8dde923tveg42mr6n,0xf7a596086a754924c4fe72cbfdc8388a48b4823217ce5a46b918ccdb88f48a373580fa5e46a02334b55712c52c53c55f72ff3363fa1a8f36053126690c62697f1c,2023-12-23T08:30:39.76769Z,2600000000000000000000
0x5a4171aF67186Ae8e641d92b82fe33852d52D68A,maya15pzaecy0j42luqdpjs0wlecmwq3swfdf878qg3,0x8e167b48b520f5443d5f06dac514f12d12992f61d944f99fe142690deed472f20c86c65ce8856afb36a1f877b69e941b6cff8b460d43274557c7b3bdad4fe91c1c,2023-12-23T08:37:24.107008Z,2600000000000000000000
0xB8fbF55486D41afc7D7f9E88fDc307080636b55E,maya1yeyykk7ueg86lum55dd86sdwym85j5hhx74uqa,0xa82a663cc4ad0c6d6c74625b493c1b5e78ab418f2ee6b84d71ad835c94b2b2d057c688be4021adc2ce7306ea1c0f111cecd9df319f1f1a9b02332626c3b152ec1c,2023-12-23T15:02:29.458916Z,27040463943277000000000
0xaF1ed5F156c0e58f5DCdd6cC37D6Bc88581a872e,maya1d3vjj9cd9l00nh3kvseww2ydyq4c6vuzqw6t0f,0xe7abd9203e8325b97bab51f1f2f3e6a435d0507ec9e7309c16d8909f4201e9b92a519e3a07daba40a4dd56e3025d440d74eedcf1453f5b2f8f214d3c80b430021c,2023-12-23T22:58:17.866735Z,23747434470000000000000
0xF988CBA73f339b2711f6b82BB07a3c3881Ac7421,maya16j37t9tm9fq6jtxyr2mmu63vfyy4a2anqwkdlv,0x5222b4b93c9c8b6e2021a9da7b44155a99b6e9d4d3e797faece2c6eaa0d2188278fa255e3234c845dd706f647d9c773a4b17c60adf6de7c65bd9cb9ca4de91721c,2023-12-24T11:48:50.489175Z,100001000000000000000000
0x3f3DFf7EFdd726f9DF0C4821a07d7d799FbEd436,maya16j37t9tm9fq6jtxyr2mmu63vfyy4a2anqwkdlv,0x8adf0fa7ae96c05026a61c61e5aa4101b15d8acb0408ef760966b20e7a93b6701eaae380d8210debce1623bcf7c416d08972a6572388a2eb4a154d8ac75bf5201b,2023-12-24T11:54:02.89856Z,100001000000000000000000
0x288e215a40D0fF314D6bEB0743e1D32A095d05Fd,maya16j37t9tm9fq6jtxyr2mmu63vfyy4a2anqwkdlv,0xb7aa7d2f8359b482f77670e148fe353f7d69efe4a76f2b5442497669932fa8b61faf91041cd5ada273a3df73ab7c90b80777c67915a172de8aee8c9f08f6abc81c,2023-12-24T11:54:41.315184Z,100001000000000000000000
0x9aEE506a48118734112D5fa66C3D4afC90A2048B,maya16j37t9tm9fq6jtxyr2mmu63vfyy4a2anqwkdlv,0xa6876376148bc118596654202b5369cf591ce98a9b07b9a56cb261d65d1ecea7662e318eb68c576f4c83505c3632d6057fdf6b333f93feeb884c33ff244143af1b,2023-12-24T11:55:31.152378Z,48000000000000000000000
0xA6cbE1eD400795C2046Db43ecbf4AC64236d959e,maya1knuvadvglgvuqkj0vc5dtk9w6mks3v6m0z48e4,0xa0811bfd7a0787bc56016700b53d1812e4a35a20c49d0809b91dd5d0fe02b3ab26aa5f04681907bd386e2d28692db58994d9803ac2cf06be44e4ebf2c9b1dd8e1b,2023-12-24T15:22:40.528072Z,3567412379730000000000000
0x68Dc0f7ba4eFc952B23e6caCfdf11dE87b54a909,maya1szmq6kkplsqn7k8lwsm6xajxzgvak0gjvm8c8w,0x8a96e07fb869d843580a3bc0a0d2228609654f92824741b380e9ff00935ab51d0dcebce8f9ebf6a8983cbfd9ea1b3b7ee1a1964d3dae394fe3f66bfbb5313be41b,2023-12-24T16:16:58.452982Z,129758197000000000000000
0x83e0e18E9fea4Dc39B9B6dC16a48F10872b9f74f,maya142m4adpj57hkrymqe5n8zzcxm5cqccpn3a6w6y,0xfa625b7775b4cca42cf3ec154696407260d13bb866fa89ed46148f8b3290212d57959f4670347791c3949424a5ef24aa6eb5e86ca95fb49203a3980207c71bec1c,2023-12-24T19:02:16.524125Z,100000000000000000000000
0x0E6A0Bda2a79DDa1113aa24B7c5cE31FBDc0FA59,maya1tujcmtdjqpslfma5hqufcmrdwe7s3ds0a6pgag,0x691460ba1bde2e3f88eb2b56d138353917a2b4247b1534a5301fc1a06bb23c6c7f33527519f2f1198bb5c993ddba79ecceb3bf04f8adc44164d469b64084847a1c,2023-12-24T23:05:12.109566Z,8780000000000000000000
0xe146a890e53d4b58B1D805DC32Fc068b93C9cEE9,maya1lsatzw5u2hzj2vcrfy94ud9ja5fyp5qmz9ejzu,0x8c4ec33df4a556d821f07c7dd319142b44c1a4aae731358b848fa88c6cf636e21859905ed34c8dcef96850a47c43ba9ed914116d114c64183a2b76393fcf40b41b,2023-12-25T07:29:32.479747Z,1600128000000000000000000
0x25518B275D13bF33c4f5fedAE3ED8a7f3c5cb652,maya1rc06zt76ahx37pnw3decp6txn0h2pqxycw44aw,0xa0829c410de9995ec5dfae5029caaa656b6bfa7792f72407c6afd1b19504092927ca54607ca90b3b331d17b8446d2869ba2442499fcd42d1c36f15e2e990a5311b,2023-12-26T16:24:21.701129Z,1895165000000000000000000
0x50729246D44Ad421Ac22ADFc339E0F2B79239dE1,maya170m0qqnp570t9m35cyrcx8njt49544qcy4kgwh,0x56732094e3a0d9db4194a59d0fef3fe5647ae55bbd77f516c34c199eb8fa694a5f2c92a69793a0506961133274a453124d64ad2b14820505e9039177f31e467d1c,2023-12-27T00:53:30.438432Z,¤
0x50729246D44Ad421Ac22ADFc339E0F2B79239dE1,maya170m0qqnp570t9m35cyrcx8njt49544qcy4kgwh,0x56732094e3a0d9db4194a59d0fef3fe5647ae55bbd77f516c34c199eb8fa694a5f2c92a69793a0506961133274a453124d64ad2b14820505e9039177f31e467d1c,2023-12-27T00:55:12.115313Z,¤
0x0535F81AbabA0d831B5E471edB5767CB3ac723F2,maya170m0qqnp570t9m35cyrcx8njt49544qcy4kgwh,0x2bea6d10746567a990f7258c3f019682803d98b772e892a5f493388315704a975c4a12db820fc92cce62947ef9da918a0aae3a32afa81483aeb66e21fd741e391c,2023-12-27T02:09:08.189344Z,¤
0x6d97F4c0ee15C9ef67193f434f6fd6F133A7D602,maya14uskrmmyl3ewngetydgcv6608sqz8r0d6tr3qc,0x7ef47dfde71802aca714a1764b9e621ac81867bff42115dce77d12310c4ae8e4492d30a988b2a49c8020f39af0e38607d62fb608a6ed0bd76945513438af30201b,2023-12-27T02:37:48.584672Z,105707341790000000000000
0xFf57289B22501ccb1acF6Fb5Be223349fC4422d4,maya1ym7mrrqqtvjmlg6x7r0w8384wjufujs5kk08xz,0x9cef3127ac574d0f78238acc20492ce15567d594e7240fb20218df9100fbb6ef0f60d65c537089d26070b41ca928599162c07fa5eaa476227535f647ee05be111b,2023-12-27T23:07:36.583843Z,100000000000000000000000
0x25B890cC2A16d2bE865FE9ECf5C15d96A7f04177,maya1msykl9w99y0zgf6kf300mjqdx326kxakp2fxuc,0x8831aa8f29d973e2bb25a75c489c93b5191b2b3826e43189d91a06a15d9bf95844c8a7d48694d347b19625dff65432ec9bad60eafb3a7677db7be151d1ca49d91c,2023-12-28T01:55:50.718002Z,¤
0x25B890cC2A16d2bE865FE9ECf5C15d96A7f04177,maya1msykl9w99y0zgf6kf300mjqdx326kxakp2fxuc,0x8831aa8f29d973e2bb25a75c489c93b5191b2b3826e43189d91a06a15d9bf95844c8a7d48694d347b19625dff65432ec9bad60eafb3a7677db7be151d1ca49d91c,2023-12-28T01:57:02.195335Z,¤
0x25B890cC2A16d2bE865FE9ECf5C15d96A7f04177,maya1msykl9w99y0zgf6kf300mjqdx326kxakp2fxuc,0x8831aa8f29d973e2bb25a75c489c93b5191b2b3826e43189d91a06a15d9bf95844c8a7d48694d347b19625dff65432ec9bad60eafb3a7677db7be151d1ca49d91c,2023-12-28T01:58:30.629971Z,¤
0x5dF3F15779f5e2855CF14D09C4D184b7885B46aF,maya1esy0l23dt3x6fyyhksacu2xkevfpt9fwttlvj4,0xb82d6de5815ce2925f0306fdce342f45770ba1b9af6cc313a93ee831be08ace2170d01710aa67b9447ca66d1b35509c033d8b472582581f3d33ddfcafc55ab561b,2023-12-28T11:25:22.675491Z,149130000000000000000000
0xcd25Be716E05495271e4eD3B99b653E8bEb5c9e4,maya1deu97g8e28xumh5t4qqnplvvyucu8l8ra59fcl,0xed43bce565bbb1939e7a55db002cd2d983c49ddb86d2534021f2dba9ba1bf4392ecaedbc5c8b3f373f3d7b281a4c580a306f8cfa38b4111b42c53a8e3af500161c,2023-12-28T13:28:21.381558Z,100064250000000000000000
0xd7992a66fA5196e8B8Be6b9431645459B8F645d8,maya196v2ffd599prud8k5fjerssxzh8yysjsu9jsf3,0xa510028326a76ef0f7ec646a0667e01f7ea0e33aec85b8fabd92460b25be44e63e41e9de28ebda704fe849b4df26313cb76c923279e5da73a046cd940f867d981c,2023-12-29T00:30:57.45697Z,¤
0x5FFC32c736Ed221aDD02Af2af6AD6659a6DDBbB5,maya133far7wawnfdz5kfnmg8cgxc240ka4rngaxpcm,0x44ccda8bc944ac4972703d3a6ad21e941421d952f188d038055ff595786383eb0b2aa72cf949b3e36ae5dfe6ec5dd6629e64c33fb76a9c81fafbc2d045e7788a1c,2023-12-29T21:12:36.22913Z,100817000000000000000000
0xD97Ac104751E0d4634d822F5e241096109C07617,maya1amsnhlf3vg444jfd0ap2k30x39z3t02r0s7m8w,0x7fbe7eb6c229448da084a40927cf297c15862cedc11a5b815c8229fa4cc89c6806030464d3d85972bb580b85fcee20afed900a0f41ef96eb262a4bca74635cfe1c,2023-12-30T09:28:38.460947Z,42831837061000000000000
0xf7174d52e402D88696d3703a11eE5D0594a2Dd84,maya1w4epftmx9h70rskddnz0k7g9q7tnnmt3rjxkak,0x6babeed7e8ea66107378c520ea4e35bc1dfd7df43056b36e830ec985ef7105365fd94f4cb1a2344176eb2480121ba08f5b7702cea0d5ff5dd1de03f690a1d5871c,2023-12-30T20:37:47.439437Z,¤
0x6664472c9B9Eabdb62dBAc251cf8fBCeB86D9C1D,maya17h9cravrdz9tq2jddvphq0q0hykc8gysydj92h,0xb459276b8aa34960a94442720dfb5f55da727acabca727f5448197a1dc6d11405285944825d98359181a76fad79f881c10ee0220031a4c41bb1e5738569d235a1c,2023-12-31T07:49:56.860661Z,¤
0xAEF2bA23FdDA0723e4d28f8e0415D137cF789265,maya178wlyhtpvth7f7zmrusfcqurvysxv9jng2ps9x,0x7991ae0e00aad6fdec8bb0e9f3a3775b70d842b123793e6cd20fa6ad1d2aab4a730f505034b6c6dd51dd265aef3a7c865d8e8b4635672fb885c8a0eead1d18ef1c,2024-01-01T07:52:45.737988Z,50000000000000000000000
0x2F1495b786f13679E4b8aD59aea1599CB3cAAB1C,maya1n4f3lnrt0yqajux3mu5ayk9lt2zsj0em7xz5hk,0x50265209ee42e6b65bd370e97f28893220d9e8ebab0ccdd1d00acad7b78f35bf7a064ddaa1fd91aa203b57a7d0dba1710964c4f6958b3cec9313939bf3bbceed1b,2024-01-01T12:26:00.749176Z,2527000000000000000000
0xEd860e2a761D8B0c83b1c0A1C4b7D5fc1af97d5c,maya1hn95zkpn7tums0ycr5029j7w4v206vhx9rjud4,0x1006a120f494e7f565ef5766ea353eb8d694023d289f8674d7f72c94202fbc95235136472db082696a99a69a6c912e2760cb0214fe9ef4e09b0978f700239a3a1b,2024-01-01T13:08:54.823585Z,¤

